What's Going On;Marvin Gaye
Pet Sounds;The Beach Boys
Blue;Joni Mitchell
Songs in the Key of Life;Stevie Wonder
Abbey Road;The Beatles
Nevermind;Nirvana
Rumours;Fleetwood Mac
Purple Rain;Prince
Blood on the Tracks;Bob Dylan
The Miseducation of Lauryn Hill;Lauryn Hill
Revolver;The Beatles
Thriller;Michael Jackson
I Never Loved a Man the Way I Love You;Aretha Franklin
Exile on Main St.;The Rolling Stones
It Takes a Nation of Millions to Hold Us Back;Public Enemy
London Calling;The Clash
My Beautiful Dark Twisted Fantasy;Kanye West
Highway 61 Revisited;Bob Dylan
To Pimp a Butterfly;Kendrick Lamar
Kid A;Radiohead
Born to Run;Bruce Springsteen
Ready to Die;The Notorious B.I.G.
The Velvet Underground & Nico;The Velvet Underground
Sgt. Pepper's Lonely Hearts Club Band;The Beatles
Tapestry;Carole King
Horses;Patti Smith
Enter the Wu-Tang (36 Chambers);Wu-Tang Clan
Voodoo;D'Angelo
The Beatles;The Beatles
Are You Experienced;The Jimi Hendrix Experience
Kind of Blue;Miles Davis
Lemonade;Beyoncé
Back to Black;Amy Winehouse
Innervisions;Stevie Wonder
Rubber Soul;The Beatles
Off the Wall;Michael Jackson
The Chronic;Dr. Dre
Blonde on Blonde;Bob Dylan
Remain in Light;Talking Heads
The Rise and Fall of Ziggy Stardust and the Spiders from Mars;David Bowie
Let It Bleed;The Rolling Stones
OK Computer;Radiohead
The Low End Theory;A Tribe Called Quest
Illmatic;Nas
Sign o' the Times;Prince
Graceland;Paul Simon
Ramones;Ramones
Legend;Bob Marley and the Wailers
Aquemini;Outkast
The Blueprint;Jay-Z
The Great Twenty-Eight;Chuck Berry
Station to Station;David Bowie
Electric Ladyland;The Jimi Hendrix Experience
Star Time;James Brown
The Dark Side of the Moon;Pink Floyd
Exile in Guyville;Liz Phair
The Band;The Band
Led Zeppelin IV;Led Zeppelin
Talking Book;Stevie Wonder
Astral Weeks;Van Morrison
Paid in Full;Eric B. & Rakim
Appetite for Destruction;Guns N' Roses
Aja;Steely Dan
Stankonia;Outkast
Live at the Apollo;James Brown
A Love Supreme;John Coltrane
Reasonable Doubt;Jay-Z
Hounds of Love;Kate Bush
Jagged Little Pill;Alanis Morissette
Straight Outta Compton;N.W.A
Exodus;Bob Marley and the Wailers
Harvest;Neil Young
Loveless;My Bloody Valentine
The College Dropout;Kanye West
Lady Soul;Aretha Franklin
Super Fly;Curtis Mayfield
Who's Next;The Who
The Sun Sessions;Elvis Presley
Blonde;Frank Ocean
Never Mind the Bollocks, Here's the Sex Pistols;Sex Pistols
Beyoncé;Beyoncé
There's a Riot Goin' On;Sly and the Family Stone
Dusty in Memphis;Dusty Springfield
Back in Black;AC/DC
John Lennon/Plastic Ono Band;John Lennon
The Doors;The Doors
Bitches Brew;Miles Davis
Hunky Dory;David Bowie
Baduizm;Erykah Badu
After the Gold Rush;Neil Young
Darkness on the Edge of Town;Bruce Springsteen
Axis: Bold as Love;The Jimi Hendrix Experience
Supa Dupa Fly;Missy Elliott
Fun House;The Stooges
Take Care;Drake
Automatic for the People;R.E.M.
Master of Puppets;Metallica
Car Wheels on a Gravel Road;Lucinda Williams
Red;Taylor Swift
Music from Big Pink;The Band
Led Zeppelin;Led Zeppelin
The Clash;The Clash
3 Feet High and Rising;De La Soul
Sticky Fingers;The Rolling Stones
At Fillmore East;The Allman Brothers Band
Live Through This;Hole
Marquee Moon;Television
When the Pawn...;Fiona Apple
Transformer;Lou Reed
Court and Spark;Joni Mitchell
Control;Janet Jackson
Goodbye Yellow Brick Road;Elton John
The Queen Is Dead;The Smiths
Is This It;The Strokes
Good Kid, M.A.A.D City;Kendrick Lamar
Disintegration;The Cure
Late Registration;Kanye West
Hotel California;Eagles
Stand!;Sly and the Family Stone
Moondance;Van Morrison
This Year's Model;Elvis Costello
The Downward Spiral;Nine Inch Nails
Led Zeppelin II;Led Zeppelin
Achtung Baby;U2
Paul's Boutique;Beastie Boys
My Life;Mary J. Blige
Modern Sounds in Country and Western Music;Ray Charles
A Night at the Opera;Queen
The Wall;Pink Floyd
1999;Prince
Dummy;Portishead
40 Greatest Hits;Hank Williams
Hejira;Joni Mitchell
The Score;Fugees
The Joshua Tree;U2
Maggot Brain;Funkadelic
21;Adele
The Immaculate Collection;Madonna
Paranoid;Black Sabbath
Catch a Fire;Bob Marley and the Wailers
Doolittle;Pixies
Born in the U.S.A.;Bruce Springsteen
The Velvet Underground;The Velvet Underground
Physical Graffiti;Led Zeppelin
The Marshall Mathers LP;Eminem
Parallel Lines;Blondie
Grace;Jeff Buckley
Channel Orange;Frank Ocean
John Prine;John Prine
Nebraska;Bruce Springsteen
Faith;George Michael
Pretenders;The Pretenders
Rid of Me;PJ Harvey
Amazing Grace;Aretha Franklin
The Black Album;Jay-Z
Let It Be;The Replacements
(What's the Story) Morning Glory?;Oasis
Mama's Gun;Erykah Badu
Synchronicity;The Police
Ten;Pearl Jam
Crosby, Stills & Nash;Crosby, Stills & Nash
Different Class;Pulp
Saturday Night Fever;Various artists
At Folsom Prison;Johnny Cash
Murmur;R.E.M.
20 Golden Greats;Buddy Holly
Violator;Depeche Mode
Can't Buy a Thrill;Steely Dan
The Stranger;Billy Joel
Disraeli Gears;Cream
Daydream Nation;Sonic Youth
Bridge over Troubled Water;Simon & Garfunkel
In Utero;Nirvana
The Harder They Come;Various artists
Damn;Kendrick Lamar
Fear of a Black Planet;Public Enemy
Every Picture Tells a Story;Rod Stewart
Otis Blue/Otis Redding Sings Soul;Otis Redding
Life After Death;The Notorious B.I.G.
Forever Changes;Love
Bringing It All Back Home;Bob Dylan
Sweet Baby James;James Taylor
Brown Sugar;D'Angelo
She's So Unusual;Cyndi Lauper
Beggars Banquet;The Rolling Stones
Blood Sugar Sex Magik;Red Hot Chili Peppers
AmeriKKKa's Most Wanted;Ice Cube
Electric Warrior;T. Rex
Dig Me Out;Sleater-Kinney
Tommy;The Who
At Last!;Etta James
Licensed to Ill;Beastie Boys
Willy and the Poor Boys;Creedence Clearwater Revival
Bad;Michael Jackson
Songs of Leonard Cohen;Leonard Cohen
Body Talk;Robyn
Meet the Beatles!;The Beatles
The B-52's;The B-52's
Slanted and Enchanted;Pavement
Diamond Life;Sade
Midnight Marauders;A Tribe Called Quest
Homogenic;Björk
Pink Moon;Nick Drake
Graduation;Kanye West
Tea for the Tillerman;Cat Stevens
Low;David Bowie
Eagles;Eagles
Tha Carter III;Lil Wayne
Raising Hell;Run-DMC
The Birth of Soul;Ray Charles
Unknown Pleasures;Joy Division
Wild Is the Wind;Nina Simone
The Idler Wheel...;Fiona Apple
Wildflowers;Tom Petty
American Beauty;Grateful Dead
Either/Or;Elliott Smith
Definitely Maybe;Oasis
CrazySexyCool;TLC
Only Built 4 Cuban Linx...;Raekwon
Déjà Vu;Crosby, Stills, Nash & Young
Rage Against the Machine;Rage Against the Machine
Ray of Light;Madonna
Imagine;John Lennon
Fly;Dixie Chicks
Yankee Hotel Foxtrot;Wilco
Layla and Other Assorted Love Songs;Derek and the Dominos
Here's Little Richard;Little Richard
De La Soul Is Dead;De La Soul
The Ultimate Collection;Patsy Cline
Anti;Rihanna
Damn the Torpedoes;Tom Petty and the Heartbreakers
Giant Steps;John Coltrane
Little Earthquakes;Tori Amos
Master of Reality;Black Sabbath
Metallica;Metallica
Discovery;Daft Punk
Red Headed Stranger;Willie Nelson
Trans-Europe Express;Kraftwerk
Criminal Minded;Boogie Down Productions
Live at the Harlem Square Club, 1963;Sam Cooke
Blue Lines;Massive Attack
Loaded;The Velvet Underground
Odessey and Oracle;The Zombies
808s & Heartbreak;Kanye West
Heaven or Las Vegas;Cocteau Twins
Mama Said Knock You Out;LL Cool J
Love Deluxe;Sade
American Idiot;Green Day
Whitney Houston;Whitney Houston
Singles Going Steady;Buzzcocks
Honky Château;Elton John
Q: Are We Not Men? A: We Are Devo!;Devo
The Piper at the Gates of Dawn;Pink Floyd
Head Hunters;Herbie Hancock
The Freewheelin' Bob Dylan;Bob Dylan
Tracy Chapman;Tracy Chapman
Coat of Many Colors;Dolly Parton
The Hissing of Summer Lawns;Joni Mitchell
Pearl;Janis Joplin
Cut;The Slits
Check Your Head;Beastie Boys
Power, Corruption & Lies;New Order
A Hard Day's Night;The Beatles
Wish You Were Here;Pink Floyd
Wowee Zowee;Pavement
Help!;The Beatles
Double Nickels on the Dime;Minutemen
Sail Away;Randy Newman
Yeezus;Kanye West
Golden Hour;Kacey Musgraves
What's the 411?;Mary J. Blige
White Light/White Heat;The Velvet Underground
Entertainment!;Gang of Four
Sweetheart of the Rodeo;The Byrds
Curtis;Curtis Mayfield
The Bends;Radiohead
The Diary of Alicia Keys;Alicia Keys
Houses of the Holy;Led Zeppelin
MTV Unplugged in New York;Nirvana
Get Rich or Die Tryin';50 Cent
Nilsson Schmilsson;Harry Nilsson
In the Wee Small Hours;Frank Sinatra
Bad Girls;Donna Summer
Down Every Road 1962–1994;Merle Haggard
Third/Sister Lovers;Big Star
Californication;Red Hot Chili Peppers
Mr. Tambourine Man;The Byrds
The Modern Lovers;The Modern Lovers
Post;Björk
Speakerboxxx/The Love Below;Outkast
The Writing's on the Wall;Destiny's Child
Van Halen;Van Halen
Last Splash;The Breeders
Weezer;Weezer
Random Access Memories;Daft Punk
Rust Never Sleeps;Neil Young
So;Peter Gabriel
Full Moon Fever;Tom Petty
Live at the Regal;B.B. King
Come On Over;Shania Twain
New York Dolls;New York Dolls
Tonight's the Night;Neil Young
The Definitive Collection;ABBA
Just as I Am;Bill Withers
Alive!;Kiss
I'm Still in Love with You;Al Green
Portrait of a Legend: 1951–1964;Sam Cooke
Here Come the Warm Jets;Brian Eno
Closer;Joy Division
Pink Flag;Wire
On the Beach;Neil Young
A Seat at the Table;Solange Knowles
Stories from the City, Stories from the Sea;PJ Harvey
One in a Million;Aaliyah
El Mal Querer;Rosalía
The Who Sell Out;The Who
Lady in Satin;Billie Holiday
The Velvet Rope;Janet Jackson
The Stone Roses;The Stone Roses
Los Angeles;X
Norman Fucking Rockwell!;Lana Del Rey
From Elvis in Memphis;Elvis Presley
Sandinista!;The Clash
A Rush of Blood to the Head;Coldplay
All Killer, No Filler: The Anthology;Jerry Lee Lewis
Dirty Mind;Prince
Live at Leeds;The Who
Modern Vampires of the City;Vampire Weekend
Endtroducing.....;DJ Shadow
Aftermath;The Rolling Stones
Like a Prayer;Madonna
Elvis Presley;Elvis Presley
Still Bill;Bill Withers
Abraxas;Santana
The Basement Tapes;Bob Dylan
Avalon;Roxy Music
John Wesley Harding;Bob Dylan
Another Green World;Brian Eno
Janet Jackson's Rhythm Nation 1814;Janet Jackson
Doggystyle;Snoop Doggy Dogg
Siamese Dream;The Smashing Pumpkins
Let It Be;The Beatles
Greatest Hits;Sly and the Family Stone
Funky Kingston;Toots and the Maytals
The Wild, the Innocent & the E Street Shuffle;Bruce Springsteen
AM;Arctic Monkeys
Liquid Swords;GZA
Time (The Revelator);Gillian Welch
Kick Out the Jams;MC5
Music of My Mind;Stevie Wonder
For Your Pleasure;Roxy Music
The Slim Shady LP;Eminem
The Cars;The Cars
Germfree Adolescents;X-Ray Spex
Black Sabbath;Black Sabbath
Gris-Gris;Dr. John
Rain Dogs;Tom Waits
Goo;Sonic Youth
Radio City;Big Star
One Nation Under a Groove;Funkadelic
The Black Parade;My Chemical Romance
Never Too Much;Luther Vandross
Mothership Connection;Parliament
More Songs About Buildings and Food;Talking Heads
Madvillainy;Madvillain
Rocks;Aerosmith
If You're Reading This It's Too Late;Drake
All Things Must Pass;George Harrison
The Infamous;Mobb Deep
Tha Carter II;Lil Wayne
Anthology;The Temptations
Cheap Thrills;Big Brother and the Holding Company
Hot Buttered Soul;Isaac Hayes
King of the Delta Blues Singers;Robert Johnson
Dookie;Green Day
In the Aeroplane Over the Sea;Neutral Milk Hotel
Fever to Tell;Yeah Yeah Yeahs
Run-D.M.C.;Run-DMC
Moving Pictures;Rush
Mingus Ah Um;Charles Mingus
(Pronounced 'Lĕh-'nérd 'Skin-'nérd);Lynyrd Skynyrd
Currents;Tame Impala
Mezzanine;Massive Attack
The Kinks Are the Village Green Preservation Society;The Kinks
Rocket to Russia;Ramones
Donuts;J Dilla
In Rainbows;Radiohead
Young, Gifted and Black;Aretha Franklin
The Emancipation of Mimi;Mariah Carey
Surfer Rosa;Pixies
Kaleidoscope;Kelis
Proud Mary: The Best of Ike & Tina Turner;Ike & Tina Turner
1989;Taylor Swift
Diana;Diana Ross
Black Messiah;D'Angelo and the Vanguard
Something/Anything?;Todd Rundgren
When We All Fall Asleep, Where Do We Go?;Billie Eilish
The Raincoats;The Raincoats
Brian Wilson Presents Smile;Brian Wilson
Beauty and the Beat;The Go-Go's
Blondie;Blondie
Expensive Shit;Fela Kuti and Africa '70
Supreme Clientele;Ghostface Killah
Rapture;Anita Baker
Nuggets: Original Artyfacts from the First Psychedelic Era, 1965–1968;Various artists
69 Love Songs;The Magnetic Fields
Everybody Knows This Is Nowhere;Neil Young
Ace of Spades;Motörhead
Workingman's Dead;Grateful Dead
Wild Honey;The Beach Boys
Love and Theft;Bob Dylan
Going to a Go-Go;Smokey Robinson
Cosmo's Factory;Creedence Clearwater Revival
Risqué;Chic
Look-Ka Py Py;The Meters
Things Fall Apart;The Roots
The Shape of Jazz to Come;Ornette Coleman
Brothers in Arms;Dire Straits
Chief;Eric Church
That's the Way of the World;Earth, Wind & Fire
Arular;M.I.A.
Let's Get It On;Marvin Gaye
I Can Hear the Heart Beating as One;Yo La Tengo
Odelay;Beck
Paul Simon;Paul Simon
Lucinda Williams;Lucinda Williams
Call Me;Al Green
New Day Rising;Hüsker Dü
Reach Out;Four Tops
My Aim Is True;Elvis Costello
How Will the Wolf Survive?;Los Lobos
Confessions;Usher
Sound of Silver;LCD Soundsystem
Crooked Rain, Crooked Rain;Pavement
Actually;Pet Shop Boys
All Eyez on Me;2Pac
Screamadelica;Primal Scream
Parklife;Blur
Sex Machine;James Brown
Coal Miner's Daughter;Loretta Lynn
Blackout;Britney Spears
Beauty Behind the Madness;The Weeknd
Scary Monsters (and Super Creeps);David Bowie
Extraordinary Machine;Fiona Apple
Close to the Edge;Yes
Journey in Satchidananda;Alice Coltrane
X 100pre;Bad Bunny
Complete & Unbelievable: The Otis Redding Dictionary of Soul;Otis Redding
Elephant;The White Stripes
Ram;Paul McCartney
First Take;Roberta Flack
Anthology;The Supremes
Pretty Hate Machine;Nine Inch Nails
Ege Bamyası;Can
Bo Diddley/Go Bo Diddley;Bo Diddley
Al Green's Greatest Hits;Al Green
I Do Not Want What I Haven't Got;Sinéad O'Connor
Southeastern;Jason Isbell
Man on the Moon: The End of Day;Kid Cudi
Melodrama;Lorde
For Emma, Forever Ago;Bon Iver
The Gilded Palace of Sin;The Flying Burrito Brothers
Eli and the Thirteenth Confession;Laura Nyro
3 + 3;The Isley Brothers
The Best of the Classic Years;King Sunny Adé
The Beach Boys Today!;The Beach Boys
BLACKsummers'night;Maxwell
Some Girls;The Rolling Stones
Clandestino;Manu Chao
400 Degreez;Juvenile
Surrealistic Pillow;Jefferson Airplane
Ctrl;SZA
Barrio Fino;Daddy Yankee
#1 Record;Big Star
Sheryl Crow;Sheryl Crow
Kimono My House;Sparks
Moanin' in the Moonlight;Howlin' Wolf
Something Else by the Kinks;The Kinks
Amor Prohibido;Selena
The Weight of These Wings;Miranda Lambert
If You're Feeling Sinister;Belle and Sebastian
Bizarre Ride II the Pharcyde;The Pharcyde
The Anthology: 1947–1972;Muddy Waters
Born This Way;Lady Gaga
I Want to See the Bright Lights Tonight;Richard Thompson
Continuum;John Mayer
Damaged;Black Flag
The Stooges;The Stooges
Back to Mono (1958–1969);Various artists
Heart Like a Wheel;Linda Ronstadt
Fine Line;Harry Styles
Nick of Time;Bonnie Raitt
Here, My Dear;Marvin Gaye
Presenting the Fabulous Ronettes Featuring Veronica;The Ronettes
II;Boyz II Men
¿Dónde Están los Ladrones?;Shakira
The Indestructible Beat of Soweto;Various artists
Suicide;Suicide
Ask Rufus;Rufus
Funeral;Arcade Fire